{"eval/episode_reward":292.598388671875,"eval/episode_length":1000,"_timestamp":1.751856549652799e+09,"_step":10000640,"_wandb":{"runtime":769},"_runtime":769.55381135}