{"training/sps":207186.65317054544,"eval/sps":532798.7312966994,"eval/episode_reward/centered":953.49951171875,"training/entropy_loss":0.008571803569793701,"eval/episode_reward/centered_std":3.8730058670043945,"eval/episode_reward/angle_in_bounds_std":0,"eval/episode_reward/small_velocity":956.7160034179688,"eval/episode_reward/small_control_std":0.7016733288764954,"_step":61931520,"training/total_loss":70.44547271728516,"eval/episode_reward/small_velocity_std":0.8805698156356812,"eval/std_episode_length":0,"_runtime":340.101523655,"eval/episode_reward/angle_in_bounds":0,"eval/episode_reward/small_control":984.69970703125,"training/walltime":311.3383891582489,"eval/episode_reward":852.9351806640625,"training/policy_loss":-0.007067304104566574,"eval/episode_reward/upright":886.1991577148438,"eval/walltime":15.6842622756958,"_wandb":{"runtime":340},"eval/episode_reward/cart_in_bounds_std":0,"eval/episode_reward_std":3.9475324153900146,"training/v_loss":70.44396209716797,"eval/epoch_eval_time":0.24024081230163574,"eval/episode_reward/upright_std":1.018105149269104,"_timestamp":1.7517826633128965e+09,"eval/episode_reward/cart_in_bounds":0,"eval/avg_episode_length":1000}