{"eval/episode_length":1,"_timestamp":1.7517883095627236e+09,"_step":61931520,"training/walltime":1997.1302185058594,"training/sps":32165.359098287066,"_wandb":{"runtime":2292},"_runtime":2292.293303985}