{"_wandb":{"runtime":169},"_runtime":169.367850448,"eval/episode_reward":992.7369995117188,"eval/episode_length":1000,"_timestamp":1.7518527647017653e+09,"_step":61931520}