{"_runtime":176.14669117,"eval/episode_length":1000,"_timestamp":1.7518889568836536e+09,"_step":61931520,"eval/episode_reward":758.5455322265625,"_wandb":{"runtime":176}}