{"_timestamp":1.7518593499451811e+09,"_step":5000960,"_wandb":{"runtime":775},"_runtime":775.552866972,"eval/episode_length":1}