{"_step":61931520,"_wandb":{"runtime":293},"_runtime":293.321338125,"eval/episode_reward":676.9371337890625,"eval/episode_length":1000,"_timestamp":1.7518801461941419e+09}