{"eval/episode_length":1000,"_timestamp":1.7518576738736222e+09,"_wandb":{"runtime":743},"_runtime":743.650032871,"_step":10000640,"eval/episode_reward":292.598388671875}