{"eval/episode_reward":608.821533203125,"eval/episode_length":1000,"_timestamp":1.7518720261316836e+09,"_step":61931520,"_wandb":{"runtime":428},"_runtime":428.481355409}