{"_runtime":625.18636233,"_step":6881280,"eval/episode_reward":1.725271463394165,"eval/episode_length":1,"_timestamp":1.7517971019366794e+09,"training/sps":24825.15321140024,"training/walltime":277.18983006477356,"_wandb":{"runtime":625}}