{"_runtime":180.17575346,"eval/episode_reward":856.3175048828125,"eval/episode_length":1000,"_timestamp":1.7518894231029952e+09,"_step":61931520,"_wandb":{"runtime":180}}