{"eval/episode_reward":279.78961181640625,"eval/episode_length":1000,"_timestamp":1.751871210307306e+09,"_step":5000960,"_wandb":{"runtime":414},"_runtime":414.179129048}