{"eval/sps":8024.792976327835,"eval/episode_reward/small_control_std":0,"eval/episode_reward/small_control":0.800000011920929,"training/walltime":277.867844581604,"eval/episode_reward/move":0.1666666716337204,"_step":6881280,"_wandb":{"runtime":614},"eval/episode_reward/upright_std":0,"_timestamp":1.7517842500775857e+09,"eval/episode_reward/move_std":0,"eval/epoch_eval_time":15.950567245483398,"_runtime":614.188585409,"eval/episode_reward/upright":0,"eval/walltime":100.81496715545654,"training/sps":24764.57832089712,"eval/std_episode_length":0,"eval/avg_episode_length":1}