{"eval/episode_reward":211.69248962402344,"eval/episode_length":1000,"_timestamp":1.7518546542273488e+09,"_step":5000960,"_wandb":{"runtime":428},"_runtime":428.291222062}