{"eval/episode_length":1000,"_timestamp":1.7518899180154352e+09,"_step":10000640,"_wandb":{"runtime":578},"_runtime":578.701362677,"eval/episode_reward":524.926513671875}