{"_timestamp":1.7518626478835566e+09,"_step":5000960,"eval/episode_reward":859.4073486328125,"_wandb":{"runtime":162},"_runtime":162.175402407,"eval/episode_length":1000}