{"_step":5000960,"_wandb":{"runtime":162},"_runtime":162.140211747,"eval/episode_reward":859.4073486328125,"eval/episode_length":1000,"_timestamp":1.7518616969024637e+09}