{"_step":5000960,"eval/episode_reward":859.4073486328125,"_wandb":{"runtime":165},"_runtime":165.159570187,"eval/episode_length":1000,"_timestamp":1.7518692802920666e+09}