{"_timestamp":1.7518343503486388e+09,"_step":61931520,"_wandb":{"runtime":19340},"_runtime":19340.417068612,"eval/episode_reward":0.9193097352981567,"eval/episode_length":1000}