{"_runtime":168.438100378,"_timestamp":1.7518707327309906e+09,"_step":5000960,"eval/episode_reward":859.4073486328125,"eval/episode_length":1000,"_wandb":{"runtime":168}}