{"eval/episode_length":1,"_timestamp":1.7518537546377065e+09,"_step":34406400,"_wandb":{"runtime":697},"_runtime":697.074193214,"eval/episode_reward":1.7264760732650757}