{"eval/episode_length":1000,"_wandb":{"runtime":181},"_runtime":181.45860452,"_timestamp":1.7518886065799434e+09,"_step":61931520,"eval/episode_reward":449.5545654296875}