{"_wandb":{"runtime":166},"_runtime":166.763252816,"eval/episode_length":1000,"_timestamp":1.7518701423538508e+09,"_step":5000960,"eval/episode_reward":859.3223876953125}