{"eval/episode_reward":1.7251698970794678,"training/sps":34110.27050879351,"training/walltime":1906.7142748832703,"_wandb":{"runtime":2168},"_runtime":2168.468175994,"eval/episode_length":1,"_timestamp":1.7517994862016509e+09,"_step":61931520}