{"_step":61931520,"eval/episode_reward":758.5455322265625,"eval/episode_length":1000,"_timestamp":1.7518891710458934e+09,"_wandb":{"runtime":182},"_runtime":182.414877073}