{"_step":5000960,"_wandb":{"runtime":166},"_runtime":166.616624771,"eval/episode_reward":859.4073486328125,"eval/episode_length":1000,"_timestamp":1.7518699060292432e+09}