{"training/sps":32919.227423564924,"training/walltime":1956.270173072815,"_wandb":{"runtime":2221},"_runtime":2221.343044193,"eval/episode_length":1,"_timestamp":1.7517911058666036e+09,"_step":61931520}