{"eval/episode_reward":914.4153442382812,"eval/episode_length":1000,"_timestamp":1.751881330820694e+09,"_step":10000640,"_wandb":{"runtime":572},"_runtime":572.834696923}